Workbook

Sheet 1. Raw Data
A1: Portfolio Investment Analysis — Raw Price Data (Weekly Adj. Close)
A2: Date | B2: LVMH Adj Close (EUR) | C2: Tapestry Adj Close (USD)
A3: Mar 10, 2025 | B3: 590.93 | C3: 69.45
A4: Mar 17, 2025 | B4: 588.39 | C4: 72.08
A5: Mar 24, 2025 | B5: 573.35 | C5: 69.25
A6: Mar 31, 2025 | B6: 517.59 | C6: 62.04
A7: Apr 7, 2025 | B7: 512.12 | C7: 62.5
A8: Apr 14, 2025 | B8: 474.23 | C8: 62.73
A9: Apr 21, 2025 | B9: 487.12 | C9: 67.9
A10: Apr 28, 2025 | B10: 491.61 | C10: 71.72
A11: May 5, 2025 | B11: 491.51 | C11: 76.9
A12: May 12, 2025 | B12: 499.59 | C12: 81.64
A13: May 19, 2025 | B13: 474.9 | C13: 75.77
A14: May 26, 2025 | B14: 474.16 | C14: 77.43
... A56: Mar 10, 2026 | B56: 504.5 | C56: 148.27

Sheet 2. Returns
A1: Weekly Returns & Portfolio Construction
A2: Date | B2: LVMH Price (EUR) | C2: TPR Price (USD) | D2: LVMH Weekly Return | E2: TPR Weekly Return | F2: Portfolio Return (50/50)
A3: Mar 10, 2025 | B3: 590.93 | C3: 69.45
A4: Mar 17, 2025 | B4: 588.39 | C4: 72.08
A5: Mar 24, 2025 | B5: 573.35 | C5: 69.25 | D5: =(B5-B4)/B4 -> -0.025561277 | E5: =(C5-C4)/C4 -> -0.039261931 | F5: =(D5+E5)/2 -> -0.032411604
A6: Mar 31, 2025 | B6: 517.59 | C6: 62.04 | D6: =(B6-B5)/B5 -> -0.097252987 | E6: =(C6-C5)/C5 -> -0.10411552 | F6: =(D6+E6)/2 -> -0.10068426
A7: Apr 7, 2025 | B7: 512.12 | C7: 62.5 | D7: =(B7-B6)/B6 -> -0.01056821 | E7: =(C7-C6)/C6 -> 0.0074145712 | F7: =(D7+E7)/2 -> -0.0015768196
A8: Apr 14, 2025 | B8: 474.23 | C8: 62.73 | D8: =(B8-B7)/B7 -> -0.073986566 | E8: =(C8-C7)/C7 -> 0.00368 | F8: =(D8+E8)/2 -> -0.035153283
A9: Apr 21, 2025 | B9: 487.12 | C9: 67.9 | D9: =(B9-B8)/B8 -> 0.027180904 | E9: =(C9-C8)/C8 -> 0.082416707 | F9: =(D9+E9)/2 -> 0.054798805
A10: Apr 28, 2025 | B10: 491.61 | C10: 71.72 | D10: =(B10-B9)/B9 -> 0.0092174413 | E10: =(C10-C9)/C9 -> 0.056259205 | F10: =(D10+E10)/2 -> 0.032738323
A11: May 5, 2025 | B11: 491.51 | C11: 76.9 | D11: =(B11-B10)/B10 -> -0.00020341327 | E11: =(C11-C10)/C10 -> 0.072225321 | F11: =(D11+E11)/2 -> 0.036010954
A12: May 12, 2025 | B12: 499.59 | C12: 81.64 | D12: =(B12-B11)/B11 -> 0.016439137 | E12: =(C12-C11)/C11 -> 0.061638492 | F12: =(D12+E12)/2 -> 0.039038814
A13: May 19, 2025 | B13: 474.9 | C13: 75.77 | D13: =(B13-B12)/B12 -> -0.049420525 | E13: =(C13-C12)/C12 -> -0.071901029 | F13: =(D13+E13)/2 -> -0.060660777
A14: May 26, 2025 | B14: 474.16 | C14: 77.43 | D14: =(B14-B13)/B13 -> -0.0015582228 | E14: =(C14-C13)/C13 -> 0.021908407 | F14: =(D14+E14)/2 -> 0.010175092
A15: Jun 2, 2025 | B15: 467.22 | C15: 77.82 | D15: =(B15-B14)/B14 -> -0.01463641 | E15: =(C15-C14)/C14 -> 0.0050368074 | F15: =(D15+E15)/2 -> -0.0047998011
A16: Jun 9, 2025 | B16: 457.45 | C16: 78.13 | D16: =(B16-B15)/B15 -> -0.02091092 | E16: =(C16-C15)/C15 -> 0.0039835518 | F16: =(D16+E16)/2 -> -0.0084636841
... A56: Mar 10, 2026 | B56: 504.5 | C56: 148.27 | D56: =(B56-B55)/B55 -> 0 | E56: =(C56-C55)/C55 -> 0 | F56: =(D56+E56)/2 -> 0
D57: =(B57-B56)/B56 -> -1 | E57: =(C57-C56)/C56 -> -1 | F57: =(D57+E57)/2 -> -1

Sheet 3. Summary Statistics
A1: Summary Statistics & Risk-Return Analysis
A2: Metric | B2: LVMH (MC.PA) | C2: Tapestry (TPR) | D2: Portfolio (50/50)
A3: Average Weekly Return | B3: =AVERAGE('2. Returns'!D5:D57) -> -0.020983938 | C3: =AVERAGE('2. Returns'!E5:E57) -> -0.0038492357 | D3: =AVERAGE('2. Returns'!F5:F57) -> -0.012416587
A4: Standard Deviation (Weekly Volatility) | B4: =STDEV('2. Returns'!D5:D57) -> 0.14275379 | C4: =STDEV('2. Returns'!E5:E57) -> 0.14897551 | D4: =STDEV('2. Returns'!F5:F57) -> 0.14355252
A5: Variance | B5: =VAR('2. Returns'!D5:D57) -> 0.020378644 | C5: =VAR('2. Returns'!E5:E57) -> 0.022193702 | D5: =VAR('2. Returns'!F5:F57) -> 0.020607325
A6: Minimum Weekly Return | B6: =MIN('2. Returns'!D5:D57) -> -1 | C6: =MIN('2. Returns'!E5:E57) -> -1 | D6: =MIN('2. Returns'!F5:F57) -> -1
A7: Maximum Weekly Return | B7: =MAX('2. Returns'!D5:D57) -> 0.10934181 | C7: =MAX('2. Returns'!E5:E57) -> 0.19846725 | D7: =MAX('2. Returns'!F5:F57) -> 0.094369676
A8: Sharpe Ratio (RF = 4.5% p.a.) | B8: =(AVERAGE('2. Returns'!D5:D57)-0.00086538)/STDEV('2. Returns'!D5:D57) -> -0.15305596 | C8: =(AVERAGE('2. Returns'!E5:E57)-0.00086538)/STDEV('2. Returns'!E5:E57) -> -0.031646918 | D8: =(AVERAGE('2. Returns'!F5:F57)-0.00086538)/STDEV('2. Returns'!F5:F57) -> -0.092523402
A9: Correlation (LVMH vs TPR) | B9: =CORREL('2. Returns'!D5:D57,'2. Returns'!E5:E57) -> 0.937069 | C9: — | D9: —
A10: Number of Observations | B10: =COUNT('2. Returns'!D5:D57) -> 53 | C10: =COUNT('2. Returns'!E5:E57) -> 53 | D10: =COUNT('2. Returns'!F5:F57) -> 53
A12: Interpretation Guide
A13: Sharpe Ratio > 1.0 | B13: Strong risk-adjusted performance
A14: Sharpe Ratio 0 – 1.0 | B14: Acceptable risk-adjusted performance
A15: Sharpe Ratio < 0 | B15: Return below risk-free rate — poor performance
A16: Correlation close to 0 | B16: Low correlation — strong diversification benefit
A17: Correlation close to 1 | B17: High correlation — limited diversification benefit

Sheet 4. Price Chart
A1: Weekly Adjusted Close Price — LVMH vs Tapestry
A2: Date | B2: LVMH (EUR) | C2: TPR (USD)
A3: Mar 10, 2025 | B3: 590.93 | C3: 69.45
A4: Mar 17, 2025 | B4: 588.39 | C4: 72.08
A5: Mar 24, 2025 | B5: 573.35 | C5: 69.25
A6: Mar 31, 2025 | B6: 517.59 | C6: 62.04
A7: Apr 7, 2025 | B7: 512.12 | C7: 62.5
A8: Apr 14, 2025 | B8: 474.23 | C8: 62.73
A9: Apr 21, 2025 | B9: 487.12 | C9: 67.9
A10: Apr 28, 2025 | B10: 491.61 | C10: 71.72
A11: May 5, 2025 | B11: 491.51 | C11: 76.9
A12: May 12, 2025 | B12: 499.59 | C12: 81.64
A13: May 19, 2025 | B13: 474.9 | C13: 75.77
A14: May 26, 2025 | B14: 474.16 | C14: 77.43
... A56: Mar 10, 2026 | B56: 504.5 | C56: 148.27
